{"cameraMode":{"drawMode":0,"name":"Shaded","section":"Shading Mode"},"sceneLighting":true,"audioPlay":false,"sceneViewState":{"showFog":true,"showMaterialUpdate":false,"showSkybox":true,"showFlares":true,"showImageEffects":true,"showParticleSystems":true},"in2DMode":false,"pivot":{"x":-1.673842430114746,"y":-6.642138957977295,"z":1.5419191122055054},"rotation":{"x":-0.12747202813625337,"y":-0.7828788161277771,"z":0.17085795104503632,"w":-0.5845891833305359},"size":7.161407470703125,"orthographic":false}