{"cameraMode":{"drawMode":0,"name":"Shaded","section":"Shading Mode"},"sceneLighting":false,"audioPlay":false,"sceneViewState":{"showFog":true,"showMaterialUpdate":false,"showSkybox":false,"showFlares":true,"showImageEffects":true,"showParticleSystems":true},"in2DMode":false,"pivot":{"x":0.5,"y":1.760000228881836,"z":-3.2699999809265138},"rotation":{"x":-0.2539156377315521,"y":-0.025521965697407724,"z":0.006790083833038807,"w":-0.9669079780578613},"size":2.8578836917877199,"orthographic":false}