{"cameraMode":{"drawMode":0,"name":"Shaded","section":"Shading Mode"},"sceneLighting":false,"audioPlay":false,"sceneViewState":{"showFog":true,"showMaterialUpdate":false,"showSkybox":false,"showFlares":true,"showImageEffects":true,"showParticleSystems":true},"in2DMode":false,"pivot":{"x":0.25912344455718996,"y":1.9546763896942139,"z":-1.7380695343017579},"rotation":{"x":-0.22226303815841676,"y":0.23904050886631013,"z":-0.056215472519397739,"w":-0.9436004757881165},"size":3.7578837871551515,"orthographic":false}