{"cameraMode":{"drawMode":0,"name":"Shaded","section":"Shading Mode"},"sceneLighting":false,"audioPlay":false,"sceneViewState":{"showFog":true,"showMaterialUpdate":false,"showSkybox":false,"showFlares":true,"showImageEffects":true,"showParticleSystems":true},"in2DMode":false,"pivot":{"x":0.6005349159240723,"y":1.3303561210632325,"z":-1.262601375579834},"rotation":{"x":-0.43782520294189455,"y":-0.12284087389707566,"z":0.060622040182352069,"w":-0.8886077404022217},"size":7.77349853515625,"orthographic":false}