{"cameraMode":{"drawMode":0,"name":"Shaded","section":"Shading Mode"},"sceneLighting":false,"audioPlay":false,"sceneViewState":{"showFog":true,"showMaterialUpdate":false,"showSkybox":false,"showFlares":true,"showImageEffects":true,"showParticleSystems":true},"in2DMode":false,"pivot":{"x":13.015564918518067,"y":2.8236637115478517,"z":-4.680937767028809},"rotation":{"x":-0.31355541944503786,"y":-0.3711335062980652,"z":0.13485080003738404,"w":-0.8636213541030884},"size":25.841257095336915,"orthographic":false}